image_id,split,contrast,area,label
000115 (5).png,validation,0.9083333333333334,52108.0,cancer
000110 (6).png,validation,1.0304227941176471,48121.5,cancer
000114 (4).png,validation,0.5651194852941176,53463.0,cancer
000116 (2).png,validation,0.5995710784313725,50285.5,cancer
000119.png,validation,0.8936580882352942,50597.0,cancer
000117 (4).png,validation,0.5197763480392157,48707.0,cancer
000115 (2).png,validation,0.8586090686274509,51790.5,cancer
000117 (6).png,validation,0.8388480392156862,48224.0,cancer
000111.png,validation,1.0427542892156862,51090.0,cancer
000112.png,validation,0.8534926470588234,44048.0,cancer
000108 (3).png,validation,0.7581341911764705,49346.0,cancer
000118 (5).png,validation,0.5626838235294118,53893.0,cancer
000114 (6).png,validation,0.9685202205882353,51814.0,cancer
000118 (4).png,validation,0.2774816176470588,53685.0,cancer
000119 (5).png,validation,0.6904258578431373,53297.0,cancer
000108 (7).png,validation,0.8637561274509805,54411.5,cancer
000115 (9).png,validation,0.7421109068627452,50570.0,cancer
000115 (5).png,validation,0.656295955882353,52476.0,cancer
000116 (3).png,validation,1.0596660539215688,50792.5,cancer
000110 (7).png,validation,0.4141697303921568,43735.0,cancer
000116 (5).png,validation,0.7601868872549019,50656.5,cancer
000116 (9).png,validation,0.4462009803921569,53439.5,cancer
000116 (8).png,validation,0.7858915441176471,50325.0,cancer
000115 (2).png,validation,0.4924172794117647,48235.5,cancer
000114 (10).png,validation,0.9435202205882355,56030.0,cancer
000117 (6).png,validation,0.35825674019607845,49688.0,cancer
000113.png,validation,0.8630361519607844,53883.0,cancer
000112 (9).png,validation,0.7577052696078432,51006.5,cancer
000117.png,validation,0.9123774509803921,45812.0,cancer
000109 (3).png,validation,0.9189031862745098,47375.0,cancer
000115.png,validation,0.7198988970588236,55476.5,cancer
000111 (2).png,validation,0.7371783088235295,51258.5,cancer
000114.png,validation,0.9167738970588237,54035.0,cancer
000109 (4).png,validation,0.7465839460784316,45118.0,cancer
000109 (8).png,validation,0.8823835784313726,52292.5,cancer
000112 (2).png,validation,0.7997855392156863,53441.0,cancer
000108 (8).png,validation,0.8727022058823528,55838.5,cancer
000113 (3).png,validation,0.8271139705882352,50190.5,cancer
003828_02_01_174.png,validation,0.677405024509804,37556.5,normal
4 - Copy (2).png,validation,2.304656862745098,50308.5,normal
004007_01_01_519.png,validation,0.7609068627450981,15233.0,normal
6 - Copy (3).png,validation,2.205759803921568,31514.0,normal
7 - Copy (2).png,validation,2.352389705882353,55233.0,normal
7 - Copy (3).png,validation,2.423529411764706,38607.0,normal
8 - Copy (3).png,validation,2.986106004901961,58346.5,normal
4 (2).png,validation,2.2559742647058822,51149.5,normal
004162_01_01_150.png,validation,0.7518995098039216,34400.5,normal
6 - Copy (2) - Copy.png,validation,2.7607536764705887,26740.5,normal
5.png,validation,1.6761029411764705,39238.0,normal
7.png,validation,2.423529411764706,38607.0,normal
6 - Copy.png,validation,2.7607536764705887,26740.5,normal
000115 (3).png,validation,0.6970128676470588,54725.0,cancer
000131.png,validation,0.741528799019608,50834.0,cancer
000130.png,validation,0.7660998774509803,46591.0,cancer
000126.png,validation,0.913235294117647,56636.0,cancer
000122.png,validation,1.030361519607843,50725.5,cancer
000120.png,validation,1.1771905637254902,50901.0,cancer
000108.png,validation,0.6145526960784314,53751.0,cancer
000109.png,validation,0.5174938725490196,51762.5,cancer
000110.png,validation,0.5533854166666667,52899.5,cancer
000110 (2).png,validation,1.133425245098039,46052.0,cancer
000111.png,validation,0.7162224264705881,47330.0,cancer
000113.png,validation,0.7716758578431373,53760.5,cancer
000112.png,validation,0.6356158088235294,53431.5,cancer
000108 (2).png,validation,0.7315563725490197,55848.5,cancer
000118 (2).png,validation,0.7705882352941179,47033.5,cancer
000116.png,validation,1.0551470588235297,50305.5,cancer
000115.png,validation,0.9721660539215686,48351.5,cancer
000111 (2).png,validation,0.9102022058823529,52408.0,cancer
000128.png,validation,0.7302542892156864,47930.0,cancer
000114.png,validation,1.0985753676470589,50376.5,cancer
000113 (2).png,validation,1.1318627450980394,57044.0,cancer
000132 (4).png,test,0.6437193627450981,38117.0,cancer
000136 (6).png,test,0.22610294117647056,35662.0,cancer
000120 (3).png,test,0.24555759803921573,37027.0,cancer
000153.png,test,0.5868412990196079,35833.0,cancer
000174 (3).png,test,0.5783088235294117,40455.5,cancer
000115 (5).png,test,0.8032628676470588,45077.0,cancer
000151.png,test,0.7032169117647059,36424.0,cancer
000149 (4).png,test,0.5935202205882354,40282.5,cancer
000117 (2).png,test,0.7958792892156862,35040.0,cancer
000166 (4).png,test,0.475735294117647,34825.5,cancer
000172 (6).png,test,0.5933210784313727,40065.0,cancer
000158 (4).png,test,0.8543964460784315,42721.5,cancer
000148 (4).png,test,0.5686427696078431,39450.0,cancer
000129 (2).png,test,0.7998008578431371,38062.0,cancer
000117 (3).png,test,0.4123774509803922,38361.5,cancer
000159 (5).png,test,0.5619332107843137,40351.0,cancer
000155.png,test,0.4830422794117647,35482.0,cancer
000115 (4).png,test,0.8131587009803922,40855.5,cancer
000163 (6).png,test,0.6142003676470589,42449.0,cancer
000145 (6).png,test,0.7863817401960782,38376.5,cancer
000141 (4).png,test,0.533517156862745,36285.0,cancer
000120 (2).png,test,0.9688112745098041,37407.5,cancer
000127 (6).png,test,0.7532781862745099,37312.5,cancer
000108 (6).png,test,0.579702818627451,33750.5,cancer
000153 (3).png,test,0.5725490196078431,42584.0,cancer
000164 (5).png,test,0.5902573529411765,41030.5,cancer
000119.png,test,0.679044117647059,33880.5,cancer
000125.png,test,0.6754748774509803,31330.0,cancer
000177 (3).png,test,0.5013633578431373,33627.0,cancer
000116 (5).png,test,0.6182138480392158,41061.0,cancer
000124.png,test,0.8892616421568628,34988.5,cancer
000148 (3).png,test,0.27947303921568634,42009.0,cancer
000139 (5).png,test,0.5038449754901959,39207.5,cancer
000114 (2).png,test,0.960079656862745,33853.0,cancer
000153 (4).png,test,0.4956188725490197,37388.0,cancer
000125 (6).png,test,0.7021292892156863,42477.0,cancer
000157 (6).png,test,0.692953431372549,42880.0,cancer
000120 (5).png,test,0.6249387254901961,40424.0,cancer
000127.png,test,0.5072763480392157,32040.5,cancer
000142 (5).png,test,0.48636642156862747,38264.5,cancer
000133 (3).png,test,0.2932444852941177,40795.5,cancer
000133 (2).png,test,0.9598651960784315,38494.5,cancer
000137.png,test,0.6910845588235294,34166.0,cancer
000141 (2).png,test,0.7832107843137255,36460.0,cancer
000130 (4).png,test,0.6926164215686273,42074.0,cancer
000146 (6).png,test,0.8423866421568627,42324.5,cancer
000121 (5).png,test,0.6062806372549021,42424.0,cancer
000122.png,test,0.7476409313725491,33922.5,cancer
000169 (6).png,test,0.513158700980392,39686.5,cancer
000114 (3).png,test,0.5666819852941176,39956.5,cancer
000139 (4).png,test,0.9507812499999999,44534.0,cancer
000117 (5).png,test,0.508670343137255,38471.0,cancer
000167 (2).png,test,0.725107230392157,39269.0,cancer
000135.png,test,0.2457720588235294,33207.0,cancer
000121.png,test,0.6152420343137255,34988.5,cancer
000162 (2).png,test,0.8934742647058823,36308.5,cancer
000110 (2).png,test,0.9268995098039216,33437.0,cancer
000111.png,test,0.8169117647058823,33029.0,cancer
000124 (5).png,test,0.5841299019607842,41612.0,cancer
000134 (5).png,test,0.5090073529411766,37489.0,cancer
000155 (3).png,test,0.28308823529411753,36950.0,cancer
000137 (3).png,test,0.4533394607843137,34213.0,cancer
000131 (6).png,test,0.7454197303921568,41163.5,cancer
000154 (2).png,test,0.8250612745098038,37079.0,cancer
000112.png,test,0.6706954656862745,30541.5,cancer
000135 (4).png,test,0.6024203431372549,39403.0,cancer
000118 (3).png,test,0.25569852941176474,44036.0,cancer
000154 (3).png,test,0.2286305147058824,39621.0,cancer
000127 (2).png,test,0.9698376225490196,38832.5,cancer
000142 (6).png,test,0.6582720588235293,38861.0,cancer
000124 (4).png,test,0.7900428921568627,41980.5,cancer
000160 (4).png,test,0.6892769607843139,40653.0,cancer
000129 (6).png,test,0.6161305147058824,38259.0,cancer
000139 (6).png,test,0.8151501225490196,39854.0,cancer
000168 (2).png,test,0.8031249999999999,38552.0,cancer
000119 (4).png,test,0.656311274509804,38594.0,cancer
000136 (4).png,test,0.8184283088235293,40101.0,cancer
000126 (4).png,test,0.4886642156862745,36221.5,cancer
000154 (4).png,test,0.8130667892156863,41852.5,cancer
000125 (2).png,test,0.8896752450980393,38457.0,cancer
000122 (6).png,test,0.6332720588235293,39014.5,cancer
000163 (5).png,test,0.6246936274509803,40483.5,cancer
000163 (4).png,test,0.628140318627451,38853.0,cancer
000170 (2).png,test,0.923422181372549,32037.0,cancer
000158 (6).png,test,0.6323529411764707,40823.0,cancer
000118 (4).png,test,0.4436734068627451,35427.5,cancer
000162.png,test,0.6167892156862744,35587.5,cancer
000144 (5).png,test,0.4680453431372549,36932.5,cancer
000156 (2).png,test,0.8268229166666667,32253.5,cancer
000151 (6).png,test,0.5944546568627451,37475.0,cancer
000131 (2).png,test,0.5766544117647059,38081.0,cancer
000138 (2).png,test,0.5518841911764706,44462.5,cancer
000128 (2).png,test,0.9635876225490196,41228.5,cancer
000150.png,test,0.7740349264705884,34941.5,cancer
000154.png,test,0.6822150735294117,29950.0,cancer
000169.png,test,0.2895526960784314,39020.0,cancer
000141.png,test,0.7713848039215686,38948.0,cancer
000155.png,test,1.0348498774509804,36892.5,cancer
000143.png,test,0.5579044117647058,28569.0,cancer
000159 (2).png,test,0.8755361519607845,33775.5,cancer
000131.png,test,0.7277879901960785,34902.0,cancer
000130.png,test,0.675704656862745,38703.5,cancer
000118.png,test,0.6410539215686274,36544.0,cancer
000132 (2).png,test,0.3818627450980392,44322.0,cancer
000126.png,test,0.7434742647058823,39676.5,cancer
000133.png,test,0.9570925245098041,42581.5,cancer
000133 (2).png,test,0.43298100490196084,43982.0,cancer
000137.png,test,0.7920649509803922,38643.5,cancer
000123.png,test,0.8668045343137254,35844.0,cancer
000122.png,test,0.8666819852941177,39487.0,cancer
000148 (2).png,test,0.6440257352941177,42784.5,cancer
000120.png,test,0.819607843137255,30651.0,cancer
000108.png,test,0.6115502450980392,39205.5,cancer
000115 (2).png,test,0.62734375,43247.5,cancer
000172 (2).png,test,0.9010110294117646,35860.5,cancer
000110.png,test,0.9227328431372549,33189.0,cancer
000111.png,test,0.8339001225490198,37128.0,cancer
000113.png,test,0.8455575980392156,33574.0,cancer
000136 (2).png,test,0.3044730392156863,43182.5,cancer
000154 (2).png,test,0.3621170343137254,43504.5,cancer
000116.png,test,0.8748468137254902,33663.0,cancer
000127 (2).png,test,0.2628523284313726,45296.0,cancer
000173 (2).png,test,0.2321691176470589,40129.0,cancer
000111 (2).png,test,0.5801164215686274,37504.0,cancer
000128.png,test,0.6311580882352941,35428.5,cancer
000114.png,test,0.8764705882352941,38077.0,cancer
000173.png,test,1.014001225490196,33878.0,cancer
000147 (2).png,test,0.2761488970588235,43418.0,cancer
000172.png,test,0.9050704656862743,35003.5,cancer
000158.png,test,1.006541053921569,40476.0,cancer
000170.png,test,0.5662683823529413,39558.5,cancer
000113 (2).png,test,0.6079656862745098,38950.0,cancer
000171.png,test,0.628921568627451,38709.5,cancer
000159.png,test,0.7273131127450981,37699.0,cancer
000149.png,test,0.9081035539215687,37355.5,cancer
000148.png,test,0.6263633578431372,41623.5,cancer
000160.png,test,0.5442401960784315,36743.5,cancer
000174.png,test,0.8504901960784316,36357.5,cancer
000162.png,test,0.8528645833333333,37426.0,cancer
000163.png,test,0.7757659313725491,35672.0,cancer
000124 (2).png,test,0.3271292892156863,41824.0,cancer
000122 (4).png,test,0.6071537990196079,33210.5,cancer
000118 (7).png,test,0.9178921568627451,39640.5,cancer
000126 (6).png,test,0.8789215686274512,37061.0,cancer
000131 (2).png,test,0.7934589460784314,30267.5,cancer
000151 (5).png,test,0.5988357843137256,32731.5,cancer
000147.png,test,0.6385110294117646,28669.5,cancer
000119 (6).png,test,0.8112438725490196,38233.0,cancer
000173 (7).png,test,0.7216299019607844,36719.5,cancer
000132 (8).png,test,0.7955422794117645,38721.0,cancer
000163 (7).png,test,0.7948835784313726,39331.0,cancer
000149 (4).png,test,0.5370710784313726,31582.0,cancer
000166 (4).png,test,0.6077665441176472,39848.5,cancer
000123 (9).png,test,0.9241115196078431,38563.5,cancer
000158 (5).png,test,0.6887561274509805,32158.5,cancer
000114 (5).png,test,0.8352481617647058,43978.5,cancer
000140.png,test,0.3227634803921569,24742.0,cancer
000177 (4).png,test,0.7688725490196078,42951.5,cancer
000155.png,test,0.46629901960784326,27421.5,cancer
000115 (4).png,test,0.8450980392156863,31749.5,cancer
000148 (8).png,test,0.3134191176470588,41528.5,cancer
000123 (4).png,test,0.8687346813725491,37835.0,cancer
000133 (4).png,test,0.7025582107843138,33006.5,cancer
000167 (8).png,test,0.9245557598039216,40418.5,cancer
000115 (8).png,test,0.5608609068627451,38430.5,cancer
000142.png,test,0.9421568627450981,36260.0,cancer
000164 (5).png,test,0.7990349264705884,38148.0,cancer
000149 (2).png,test,0.5552542892156863,35112.5,cancer
000167 (3).png,test,0.7441023284313726,31644.0,cancer
000116 (5).png,test,0.6694852941176472,35465.5,cancer
000117 (4).png,test,0.23723958333333334,31428.0,cancer
000166 (2).png,test,0.6655330882352941,28536.5,cancer
000176 (2).png,test,0.6970281862745098,31005.0,cancer
000148 (3).png,test,0.7064338235294118,35321.5,cancer
000158 (3).png,test,1.0538909313725493,45926.5,cancer
000139 (5).png,test,0.7049632352941176,31482.5,cancer
000129 (5).png,test,0.7492493872549019,34631.0,cancer
000132 (2).png,test,0.5670649509803922,26140.5,cancer
000125 (6).png,test,0.7578431372549019,31560.5,cancer
000132.png,test,0.8934436274509804,33737.0,cancer
000116 (9).png,test,0.6579197303921569,39691.0,cancer
000157 (6).png,test,0.8862745098039215,38809.5,cancer
000117 (8).png,test,0.3198069852941176,44011.0,cancer
000139 (9).png,test,0.5990502450980393,33535.0,cancer
000139 (8).png,test,0.5261948529411764,35529.0,cancer
000124 (6).png,test,0.3215379901960784,27583.0,cancer
000133 (2).png,test,0.8611519607843137,35983.0,cancer
000141 (2).png,test,0.5652113970588236,35342.5,cancer
000146 (6).png,test,0.7788909313725492,39500.0,cancer
000122.png,test,0.9503370098039217,34894.5,cancer
000138 (9).png,test,0.8700367647058823,38653.0,cancer
000153 (5).png,test,0.66875,34139.5,cancer
000143 (5).png,test,0.5592371323529411,34352.5,cancer
000158 (2).png,test,0.8644301470588234,29709.0,cancer
000120.png,test,0.9414215686274512,37194.0,cancer
000113 (7).png,test,0.6427389705882353,32324.0,cancer
000134.png,test,0.8592524509803922,32876.0,cancer
000166 (3).png,test,0.945419730392157,33344.5,cancer
000160 (6).png,test,0.22162990196078425,36017.0,cancer
000128 (5).png,test,0.5112132352941177,32258.0,cancer
000121.png,test,0.6849417892156864,32836.0,cancer
000174 (4).png,test,0.26868872549019596,37742.5,cancer
000165 (6).png,test,0.3286764705882353,33310.5,cancer
000134 (9).png,test,0.777328431372549,39712.0,cancer
000124 (9).png,test,0.7497242647058824,35265.5,cancer
000161 (4).png,test,0.5499387254901961,33698.5,cancer
000116 (7).png,test,0.8732843137254903,36061.0,cancer
000138 (6).png,test,0.6101562500000002,32462.0,cancer
000139.png,test,0.7609068627450981,29161.0,cancer
000125 (8).png,test,0.598406862745098,33375.5,cancer
000163 (3).png,test,0.6089920343137256,52192.5,cancer
000109 (2).png,test,0.7071384803921567,34039.0,cancer
000121 (6).png,test,0.590655637254902,34880.5,cancer
000136 (2).png,test,0.7151041666666667,28789.0,cancer
000144 (2).png,test,0.5121936274509804,29912.5,cancer
000125 (4).png,test,0.4902420343137255,31337.5,cancer
000108 (3).png,test,0.8464613970588234,39727.5,cancer
000143 (6).png,test,0.49303002450980393,25593.5,cancer
000135 (5).png,test,0.8022518382352941,31494.5,cancer
000125 (5).png,test,0.6395220588235294,31285.0,cancer
000157 (5).png,test,0.6364276960784313,32036.0,cancer
000121 (7).png,test,0.7705729166666666,33671.5,cancer
000137 (2).png,test,0.5716452205882353,30147.0,cancer
000156 (4).png,test,1.095266544117647,39772.5,cancer
000130 (6).png,test,0.3185661764705882,32936.5,cancer
000117.png,test,0.813250612745098,38707.5,cancer
000115.png,test,0.6651348039215688,29375.5,cancer
000129.png,test,0.7698835784313726,30419.5,cancer
000160 (4).png,test,0.8058363970588236,34717.5,cancer
000171 (5).png,test,0.7267463235294118,32309.5,cancer
000161 (5).png,test,0.9362132352941177,39816.5,cancer
000172 (3).png,test,0.49502144607843135,36006.5,cancer
000114.png,test,0.7478707107843137,34838.5,cancer
000139 (6).png,test,0.7691023284313725,28791.5,cancer
000109 (4).png,test,0.7169577205882353,31842.5,cancer
000119 (4).png,test,0.667922794117647,31307.0,cancer
000127 (5).png,test,0.9207720588235295,32629.0,cancer
000146 (3).png,test,0.5030024509803922,31639.5,cancer
000125 (2).png,test,0.5537224264705881,31683.5,cancer
000118 (5).png,test,0.8009191176470587,33770.5,cancer
000145 (9).png,test,0.6043045343137257,35489.0,cancer
000158.png,test,0.7876378676470588,38795.0,cancer
000136 (8).png,test,0.5001685049019609,30970.0,cancer
000171.png,test,0.9761029411764706,37881.0,cancer
000173 (5).png,test,0.7951593137254902,34934.5,cancer
000112 (2).png,test,0.6875,33887.0,cancer
000149 (7).png,test,0.8074295343137255,33446.0,cancer
000137 (8).png,test,0.7242034313725491,32278.5,cancer
000148.png,test,0.6795189950980394,32485.0,cancer
000148 (6).png,test,0.2666666666666666,36482.0,cancer
000158 (6).png,test,0.5986213235294118,35133.0,cancer
000132 (7).png,test,0.6346200980392157,34935.5,cancer
000144 (5).png,test,0.40248161764705875,32875.5,cancer
000137 (4).png,test,0.4571997549019608,28470.5,cancer
000177.png,test,0.509313725490196,26067.5,cancer
000123 (6).png,test,0.5632965686274509,32164.0,cancer
000134 (2).png,test,0.8560508578431373,37286.0,cancer
000155 (4).png,test,0.7421721813725491,32532.0,cancer
000168 (3).png,test,0.714001225490196,31123.0,cancer
000109 (5).png,test,0.6174325980392157,34641.5,cancer
000119 (5).png,test,0.6772212009803922,34225.0,cancer
7 - Copy - Copy.png,test,2.352389705882353,55233.0,normal
8 - Copy.png,test,3.223422181372549,58359.0,normal
6 (2).png,test,2.205759803921568,31514.0,normal
7 - Copy (2) - Copy.png,test,2.352389705882353,55233.0,normal
7 (2).png,test,2.423529411764706,38607.0,normal
8.png,test,2.986106004901961,58346.5,normal
24 - Copy.png,test,2.9711550245098035,55200.0,normal
7 - Copy.png,test,2.352389705882353,55233.0,normal
8 - Copy (2).png,test,3.223422181372549,58359.0,normal
7 (2) - Copy.png,test,2.423529411764706,38607.0,normal
6 - Copy (3).png,test,2.205759803921568,31514.0,normal
7 - Copy (2).png,test,2.352389705882353,55233.0,normal
8 (2) - Copy.png,test,3.029457720588235,41683.0,normal
10 - Copy (2) - Copy.png,test,1.8394607843137254,44880.5,normal
7 - Copy (3).png,test,2.423529411764706,38607.0,normal
6 - Copy (2).png,test,2.7607536764705887,26740.5,normal
normal - Copy.png,test,1.9830116421568627,56160.0,normal
6 (2) - Copy.png,test,2.205759803921568,31514.0,normal
11.png,test,1.7972732843137256,40490.5,normal
8 - Copy (3).png,test,2.986106004901961,58346.5,normal
10.png,test,1.7275122549019606,44858.5,normal
11 - Copy.png,test,1.824234068627451,55598.0,normal
12 - Copy (2) - Copy.png,test,2.396875,54378.5,normal
12 (2).png,test,2.505193014705883,51128.0,normal
8 - Copy - Copy.png,test,3.223422181372549,58359.0,normal
21.png,test,2.242110906862745,49660.5,normal
11 - Copy (3).png,test,1.7972732843137256,40490.5,normal
6 - Copy (2) - Copy.png,test,2.7607536764705887,26740.5,normal
10 - Copy (2).png,test,1.8394607843137254,44880.5,normal
11 - Copy - Copy.png,test,1.824234068627451,55598.0,normal
8 (2).png,test,3.029457720588235,41683.0,normal
12 - Copy.png,test,2.4367800245098037,51131.0,normal
22.png,test,1.7941789215686277,53522.5,normal
10 (2) - Copy.png,test,1.7515931372549018,44850.5,normal
23.png,test,1.73890931372549,59204.0,normal
11 (2) - Copy.png,test,1.803982843137255,40490.5,normal
10 - Copy - Copy.png,test,1.8329963235294118,44936.5,normal
10 - Copy (3).png,test,1.7275122549019606,44858.5,normal
24.png,test,2.8894148284313723,55195.5,normal
normal.png,test,1.5084558823529415,40735.0,normal
11 - Copy (2).png,test,1.878094362745098,55589.0,normal
25.png,test,1.7516544117647057,52146.5,normal
11 - Copy (2) - Copy.png,test,1.878094362745098,55589.0,normal
12 - Copy (3).png,test,2.2572763480392157,51092.5,normal
7.png,test,2.423529411764706,38607.0,normal
11 (2).png,test,1.803982843137255,40490.5,normal
10 - Copy.png,test,1.8329963235294118,44936.5,normal
6.png,test,2.205759803921568,31514.0,normal
6 - Copy.png,test,2.7607536764705887,26740.5,normal
8 - Copy (2) - Copy.png,test,3.223422181372549,58359.0,normal
10 (2).png,test,1.7515931372549018,44850.5,normal
12 (2) - Copy.png,test,2.505193014705883,51128.0,normal
12 - Copy - Copy.png,test,2.4367800245098037,51131.0,normal
12 - Copy (2).png,test,2.396875,54378.5,normal
000067 (3).png,train,0.7403339460784315,46638.5,cancer
000032.png,train,0.7968290441176471,48517.0,cancer
000074 (5).png,train,0.4249234068627451,50721.5,cancer
000121 (2).png,train,0.6317861519607842,49306.0,cancer
000028 (4).png,train,1.0708486519607843,51800.0,cancer
000013 (6).png,train,0.8073069852941176,50922.5,cancer
000033.png,train,0.8472273284313727,49413.0,cancer
000058 (3).png,train,0.9736060049019607,48115.5,cancer
000066 (2).png,train,0.7643688725490196,52333.5,cancer
000017 (4).png,train,0.7597579656862746,47666.0,cancer
000007 (4).png,train,0.9690716911764709,48493.5,cancer
000084 (7).png,train,0.3043045343137255,47320.5,cancer
000057 (6).png,train,0.6488817401960784,52298.0,cancer
000105 (5).png,train,0.334375,47781.5,cancer
000050 (2).png,train,0.912438725490196,50886.0,cancer
000106 (3).png,train,1.0768535539215685,49685.0,cancer
000079 (7).png,train,0.5876531862745098,57317.0,cancer
000024 (7).png,train,0.30608149509803917,42837.0,cancer
000056 (7).png,train,0.891329656862745,46417.0,cancer
000046 (7).png,train,0.3033854166666667,47131.0,cancer
000030 (5).png,train,0.3056985294117647,48693.5,cancer
000051 (3).png,train,0.5939338235294117,50316.5,cancer
000089 (4).png,train,1.1424479166666668,49620.5,cancer
000046 (6).png,train,0.5891390931372549,50041.0,cancer
000078 (7).png,train,0.35765931372549015,50526.5,cancer
000052 (4).png,train,1.088311887254902,47390.0,cancer
000035.png,train,0.7671415441176471,51487.5,cancer
000057 (7).png,train,0.3293964460784314,51493.0,cancer
000083 (2).png,train,0.668014705882353,53162.0,cancer
000065 (5).png,train,0.32717524509803925,53387.0,cancer
000029 (4).png,train,0.8992647058823529,47037.0,cancer
000120 (2).png,train,0.7541973039215686,51862.5,cancer
000049 (3).png,train,0.8245098039215686,50345.5,cancer
000028 (5).png,train,0.3010569852941176,46141.0,cancer
000038 (5).png,train,0.2884957107843138,46843.0,cancer
000064 (4).png,train,0.7246476715686275,47240.5,cancer
000002 (6).png,train,0.6979932598039215,51767.5,cancer
000091 (5).png,train,0.6339613970588236,45474.5,cancer
000082 (3).png,train,0.8267769607843137,52843.5,cancer
000006 (4).png,train,0.9701286764705882,45668.5,cancer
000077 (2).png,train,0.47481617647058827,50300.5,cancer
000067 (2).png,train,0.5831954656862746,53225.5,cancer
000079.png,train,0.8174325980392158,48488.5,cancer
000106 (5).png,train,0.3376838235294117,52810.5,cancer
000078.png,train,0.7698529411764705,55441.5,cancer
000093.png,train,0.9619332107843137,49313.0,cancer
000099 (3).png,train,0.32593443627450985,49499.5,cancer
000104 (2).png,train,0.6177389705882353,56484.0,cancer
000016 (3).png,train,0.8561580882352939,50239.5,cancer
000067 (5).png,train,0.33236825980392154,48795.0,cancer
000077 (5).png,train,0.5404258578431373,45499.5,cancer
000082 (4).png,train,0.735186887254902,49265.0,cancer
000085.png,train,0.939950980392157,46446.0,cancer
000015 (5).png,train,0.3470741421568628,52157.0,cancer
000038 (2).png,train,0.6582873774509804,46698.0,cancer
000053.png,train,0.6160079656862745,44230.5,cancer
000058 (5).png,train,0.32945772058823525,44498.0,cancer
000048 (5).png,train,0.3380514705882353,49129.0,cancer
000004 (4).png,train,0.6900275735294116,50969.5,cancer
000083 (5).png,train,0.5722273284313726,57196.5,cancer
000010 (6).png,train,0.6278186274509804,51610.0,cancer
000094.png,train,0.964874387254902,49980.5,cancer
000004 (5).png,train,0.335171568627451,48728.0,cancer
000043.png,train,0.7886948529411765,48852.0,cancer
000120 (4).png,train,0.31585477941176465,50248.0,cancer
000062 (7).png,train,0.32585784313725485,49494.5,cancer
000073 (6).png,train,0.6643995098039215,46984.5,cancer
000063 (6).png,train,0.7637101715686275,48808.5,cancer
000081 (3).png,train,0.9496629901960784,45091.0,cancer
000081.png,train,0.7145833333333333,53237.0,cancer
000122.png,train,0.8336550245098039,47208.0,cancer
000077 (4).png,train,1.0942708333333333,49509.5,cancer
000122 (3).png,train,0.8011182598039217,51228.0,cancer
000030 (2).png,train,0.7867034313725491,52526.0,cancer
000041 (4).png,train,1.016268382352941,48719.5,cancer
000099 (2).png,train,0.7833026960784314,51994.0,cancer
000054.png,train,0.7624234068627452,44866.0,cancer
000018 (6).png,train,0.8427849264705883,51030.5,cancer
000106 (4).png,train,0.3948682598039216,50258.0,cancer
000043 (3).png,train,0.714935661764706,47151.5,cancer
000096.png,train,0.9533088235294118,47682.5,cancer
000121.png,train,0.7147518382352942,49641.0,cancer
000104.png,train,1.0057444852941178,51317.5,cancer
000058.png,train,0.8591758578431373,45858.5,cancer
000070.png,train,0.8780637254901961,46768.5,cancer
000101 (3).png,train,0.9322150735294117,48144.0,cancer
000106 (7).png,train,0.3166819852941176,47411.5,cancer
000050 (6).png,train,0.4315716911764706,48585.5,cancer
sq1.png,train,2.1565870098039217,65025.0,cancer
000036 (4).png,train,0.6165900735294116,46723.0,cancer
000083 (7).png,train,0.5872549019607843,46249.0,cancer
000094 (3).png,train,0.8866574754901961,50983.5,cancer
sq3.png,train,1.9191329656862748,40335.0,cancer
000084 (3).png,train,0.8617953431372549,45802.5,cancer
000048 (7).png,train,0.30764399509803925,46984.0,cancer
000058 (7).png,train,0.334405637254902,49481.5,cancer
000015 (7).png,train,0.31657475490196074,40507.5,cancer
000066.png,train,0.723514093137255,58078.0,cancer
sq2.png,train,1.7757199754901962,31769.5,cancer
000067 (7).png,train,0.3195312500000001,44463.5,cancer
000070 (2).png,train,0.63203125,50779.5,cancer
sq6.png,train,2.143658088235294,60639.0,cancer
000060 (2).png,train,0.6145680147058823,46562.5,cancer
000062 (5).png,train,0.3420343137254902,54158.5,cancer
000120 (6).png,train,1.1849877450980393,49569.5,cancer
000063.png,train,0.4463541666666667,50017.0,cancer
000004 (7).png,train,0.3132199754901961,46647.5,cancer
000088.png,train,0.9479626225490194,48141.5,cancer
000103.png,train,0.8330269607843138,50793.0,cancer
000083 (6).png,train,0.6026041666666667,57366.0,cancer
000071 (3).png,train,0.9348345588235295,51540.0,cancer
000057 (3).png,train,0.5523284313725491,45798.0,cancer
sq5.png,train,2.143658088235294,60639.0,cancer
000075.png,train,0.8236825980392157,53650.0,cancer
000106 (6).png,train,0.9436734068627451,54885.5,cancer
000069 (2).png,train,0.5918504901960784,51184.0,cancer
000048.png,train,0.7206495098039216,50296.5,cancer
sq4.png,train,1.9191329656862748,40335.0,cancer
000084 (5).png,train,0.3302083333333333,48469.0,cancer
000007.png,train,0.8685814950980394,50709.5,cancer
000096 (2).png,train,0.6015624999999999,52591.5,cancer
000074 (7).png,train,0.4277879901960785,47644.5,cancer
000006.png,train,0.7320159313725491,52070.0,cancer
000063 (3).png,train,0.8809436274509803,45753.0,cancer
000081 (6).png,train,0.5253676470588234,40115.0,cancer
000030 (7).png,train,0.32981004901960786,45653.5,cancer
000046 (5).png,train,0.309375,46950.0,cancer
000056 (5).png,train,0.8620710784313725,46908.0,cancer
000009 (2).png,train,0.31081495098039225,51073.5,cancer
000068 (4).png,train,1.1861825980392158,54163.0,cancer
000100 (4).png,train,0.7892003676470587,46908.0,cancer
000055 (3).png,train,0.6980392156862746,45791.5,cancer
000024 (5).png,train,0.3338694852941177,50220.5,cancer
000044 (2).png,train,0.5733149509803922,48948.0,cancer
000079 (5).png,train,0.4822303921568627,51720.0,cancer
000008 (3).png,train,1.060952818627451,48472.5,cancer
000053 (6).png,train,0.6986213235294116,45118.0,cancer
000105 (7).png,train,0.3228707107843138,49710.5,cancer
000057 (4).png,train,0.638296568627451,48150.5,cancer
000057 (5).png,train,0.32472426470588234,47791.0,cancer
000035 (5).png,train,0.6321537990196079,50085.0,cancer
000054 (3).png,train,0.7579503676470588,56180.0,cancer
000055 (2).png,train,0.30600490196078434,52296.0,cancer
000078 (5).png,train,0.31075367647058827,52481.5,cancer
000046 (4).png,train,0.9966758578431373,47399.5,cancer
000037 (2).png,train,0.8121936274509804,52450.5,cancer
000027 (2).png,train,0.6763633578431372,48107.5,cancer
000091 (7).png,train,0.6549785539215687,48746.5,cancer
000002 (4).png,train,1.0653799019607841,51473.0,cancer
000074 (6).png,train,0.5274356617647059,46534.5,cancer
000038 (7).png,train,0.2967830882352941,46085.0,cancer
000028 (7).png,train,0.32239583333333344,49901.0,cancer
000090 (6).png,train,0.9189031862745097,56740.0,cancer
000003.png,train,0.7031403186274511,49855.5,cancer
000065 (7).png,train,0.3165441176470588,50608.0,cancer
000095 (6).png,train,0.845358455882353,48899.0,cancer
000098 (8).png,train,0.6903186274509803,52363.5,cancer
000021 (8).png,train,0.9786458333333334,50726.5,cancer
ad2.png,train,2.0079810049019606,59772.0,cancer
000005 (3).png,train,0.8353553921568628,49493.0,cancer
000074 (5).png,train,0.7633884803921568,52276.5,cancer
000029 (5).png,train,1.0048560049019608,51816.5,cancer
ad3.png,train,1.272824754901961,49162.5,cancer
000084 (7).png,train,0.7670343137254901,45171.5,cancer
000083 (3).png,train,0.9376531862745097,50372.5,cancer
000119 (6).png,train,0.2784773284313726,50690.5,cancer
000016 (9).png,train,1.2369178921568629,54479.0,cancer
000040 (10).png,train,0.8154871323529411,54089.0,cancer
ad1.png,train,1.1165594362745097,55790.5,cancer
000021 (4).png,train,1.0488204656862745,47333.0,cancer
000022 (2).png,train,0.8739430147058822,50008.5,cancer
000100 (10).png,train,0.9460784313725491,51074.0,cancer
000101 (7).png,train,0.6060049019607844,47245.0,cancer
000008 (10).png,train,0.6575674019607842,43624.5,cancer
000025 (6).png,train,0.6389859068627451,50101.0,cancer
000035 (6).png,train,0.7664675245098039,49811.0,cancer
000065 (8).png,train,0.7693933823529412,45790.5,cancer
000024.png,train,0.7061580882352941,47561.5,cancer
000024 (7).png,train,0.8454503676470588,46027.5,cancer
000029 (9).png,train,1.1826133578431377,51080.0,cancer
000078 (6).png,train,1.1871783088235295,50834.0,cancer
000056 (7).png,train,0.7963694852941177,47204.5,cancer
000017 (8).png,train,0.533639705882353,48662.0,cancer
000020 (5).png,train,0.6014093137254902,46502.5,cancer
000051 (3).png,train,1.1754442401960785,50293.0,cancer
000104 (4).png,train,1.1220741421568627,49278.5,cancer
000030 (4).png,train,0.792938112745098,48394.5,cancer
000041 (2).png,train,0.7944393382352941,52643.5,cancer
ad4.png,train,1.6755667892156862,53685.0,cancer
000034 (6).png,train,0.6408700980392157,49715.0,cancer
000065 (9).png,train,0.7448682598039216,47944.0,cancer
000024 (6).png,train,0.9029105392156864,46736.5,cancer
000015 (10).png,train,0.9012561274509804,50740.5,cancer
000069 (6).png,train,1.1692095588235294,49634.5,cancer
000079 (6).png,train,0.8754748774509804,50659.0,cancer
000040 (3).png,train,0.9539828431372549,51691.5,cancer
000050 (3).png,train,0.925658700980392,50191.5,cancer
000021 (5).png,train,0.5133272058823528,51235.0,cancer
ad5.png,train,2.1807291666666666,59032.5,cancer
000105 (4).png,train,0.6282015931372549,44973.0,cancer
000098 (5).png,train,0.7709558823529413,54071.5,cancer
000089 (8).png,train,0.968795955882353,50570.5,cancer
ad7.png,train,1.0474111519607843,57046.5,cancer
000075 (5).png,train,0.9347732843137255,49172.0,cancer
000029 (4).png,train,0.9109834558823532,48117.5,cancer
000020 (10).png,train,0.7657935049019609,47500.5,cancer
000022.png,train,0.7904718137254904,49081.0,cancer
ad6.png,train,1.5484528186274513,54678.0,cancer
000068 (10).png,train,1.1879442401960785,53408.5,cancer
000118 (6).png,train,1.0267463235294119,49437.0,cancer
000085 (7).png,train,0.8047947303921569,46643.5,cancer
ad16.png,train,1.4414675245098039,47784.0,cancer
000077 (9).png,train,0.7747549019607843,51293.0,cancer
000036 (6).png,train,0.7083026960784315,52039.5,cancer
000102 (7).png,train,0.7027879901960784,49288.0,cancer
000105 (3).png,train,0.9033394607843137,52224.5,cancer
000015 (9).png,train,0.6502144607843138,46142.5,cancer
000080 (10).png,train,0.8074142156862747,49799.0,cancer
000054 (6).png,train,0.2921875,47449.0,cancer
000005 (9).png,train,0.6880208333333332,50361.5,cancer
000023 (5).png,train,0.7857843137254901,43867.5,cancer
ad17.png,train,1.0642463235294117,52867.0,cancer
ad15.png,train,1.8176930147058825,56299.5,cancer
000050 (8).png,train,0.7200827205882353,49480.5,cancer
000081 (2).png,train,0.8199908088235295,51639.0,cancer
000091.png,train,0.9838848039215686,47682.0,cancer
000022 (8).png,train,0.7942861519607842,45439.0,cancer
000032 (8).png,train,0.5979626225490196,49541.0,cancer
000063 (7).png,train,0.6520220588235294,43544.0,cancer
000033 (9).png,train,0.9387101715686275,53630.5,cancer
000023 (9).png,train,0.6707107843137255,50092.0,cancer
000058 (5).png,train,0.39813112745098045,48736.5,cancer
000026 (10).png,train,0.9726256127450981,49549.5,cancer
000084.png,train,0.8214307598039214,46759.0,cancer
ad14.png,train,1.287392769607843,35154.0,cancer
000000 (6).png,train,0.7645067401960786,52163.5,cancer
ad10.png,train,1.3851409313725496,49171.5,cancer
000041 (8).png,train,0.7708946078431371,50137.0,cancer
000093 (4).png,train,0.9804993872549019,53855.0,cancer
000097 (10).png,train,0.8024662990196079,47135.0,cancer
000065 (3).png,train,1.075015318627451,49720.0,cancer
000057.png,train,0.8775122549019609,57305.5,cancer
000058 (4).png,train,1.0838235294117649,50975.5,cancer
000090 (2).png,train,0.7117340686274511,46201.5,cancer
000107 (9).png,train,0.798330269607843,50210.5,cancer
000049 (5).png,train,0.784329044117647,48848.0,cancer
000096 (7).png,train,0.6483915441176471,49451.5,cancer
000015 (4).png,train,0.7076593137254903,50387.0,cancer
000022 (9).png,train,1.0329503676470588,46967.0,cancer
000095.png,train,1.068780637254902,51734.0,cancer
000091 (3).png,train,1.0104166666666667,50325.0,cancer
000106 (8).png,train,0.9622855392156865,50086.0,cancer
000122.png,train,1.1410539215686273,51647.0,cancer
000072 (10).png,train,0.8754136029411762,52050.0,cancer
ad11.png,train,1.5092677696078431,51506.0,cancer
ad13.png,train,1.4709252450980392,54720.5,cancer
000041 (4).png,train,0.9649969362745099,53163.5,cancer
000051 (4).png,train,0.7346354166666667,51156.5,cancer
000066 (9).png,train,0.7298560049019607,54810.0,cancer
000027 (6).png,train,0.824280024509804,51310.0,cancer
000048 (8).png,train,1.0425398284313725,52774.5,cancer
000009 (7).png,train,0.70859375,46936.5,cancer
000054.png,train,1.1784620098039218,53261.0,cancer
000106 (10).png,train,1.1130974264705884,50184.5,cancer
000054 (7).png,train,1.1054074754901961,49246.5,cancer
000121 (9).png,train,0.6844056372549019,49502.5,cancer
000049 (9).png,train,1.0326133578431373,51603.5,cancer
000106 (4).png,train,0.6428002450980392,46607.5,cancer
000050 (5).png,train,0.9831035539215687,52497.0,cancer
000040 (5).png,train,0.8920649509803922,51686.5,cancer
000021 (3).png,train,1.0779105392156865,47776.0,cancer
000031 (3).png,train,0.7923560049019608,52535.5,cancer
000121.png,train,0.9370251225490196,53432.5,cancer
ad12.png,train,1.386948529411765,56970.0,cancer
000036 (7).png,train,0.8411917892156863,52696.5,cancer
000041 (7).png,train,0.9468750000000001,47144.5,cancer
000023 (7).png,train,0.6686121323529411,49494.0,cancer
000086 (8).png,train,0.8256587009803923,52964.5,cancer
000022 (10).png,train,0.7648897058823529,44486.5,cancer
000018 (5).png,train,0.9108915441176471,51702.0,cancer
000023 (10).png,train,1.050827205882353,51408.0,cancer
000105.png,train,1.181433823529412,47073.0,cancer
ad22.png,train,1.5198988970588236,49173.5,cancer
000057 (2).png,train,0.7267003676470588,52515.5,cancer
ad20.png,train,1.3158394607843138,49745.5,cancer
000084 (3).png,train,0.9611672794117647,52401.5,cancer
000085 (10).png,train,0.8997089460784313,50009.0,cancer
000067.png,train,0.892922794117647,49992.0,cancer
000063 (5).png,train,0.7707261029411765,49652.0,cancer
000121 (10).png,train,0.8714001225490196,48390.5,cancer
ad21.png,train,1.4414675245098039,47784.0,cancer
ad19.png,train,2.7574142156862744,65025.0,cancer
000077 (6).png,train,0.9173713235294119,52295.5,cancer
000042 (10).png,train,1.142723651960784,56435.5,cancer
000102.png,train,1.132843137254902,48751.5,cancer
000044 (9).png,train,0.8243566176470587,49901.0,cancer
000059 (7).png,train,0.9894914215686277,50456.5,cancer
000087 (4).png,train,0.8890012254901962,47026.5,cancer
000014 (7).png,train,0.6521905637254902,47483.5,cancer
000103 (9).png,train,1.1651654411764707,48254.0,cancer
000084 (2).png,train,0.7038909313725491,52322.5,cancer
000093 (6).png,train,1.112545955882353,50644.5,cancer
000083 (6).png,train,0.9329197303921569,51026.5,cancer
ad18.png,train,1.4647212009803923,60168.0,cancer
000071 (3).png,train,0.9395220588235293,53018.5,cancer
000093 (10).png,train,0.8881587009803922,50512.0,cancer
000092 (10).png,train,1.1183210784313726,47871.5,cancer
000050 (7).png,train,0.7830269607843137,47446.5,cancer
000061.png,train,1.0205575980392156,48903.0,cancer
000054 (5).png,train,0.9541513480392156,53559.0,cancer
000048.png,train,1.2121629901960784,51890.5,cancer
000019 (5).png,train,0.7743259803921568,49448.5,cancer
000087 (8).png,train,1.048376225490196,47391.0,cancer
000068 (3).png,train,0.9946537990196078,47685.5,cancer
000027 (4).png,train,1.0186427696078433,46184.0,cancer
000119 (4).png,train,0.8490196078431373,46223.5,cancer
000044 (10).png,train,0.7103707107843138,51244.5,cancer
000017 (6).png,train,0.6486060049019609,49921.0,cancer
000097 (3).png,train,0.9535232843137256,49819.0,cancer
000104 (10).png,train,0.544485294117647,50949.5,cancer
000013 (4).png,train,0.868014705882353,49117.0,cancer
000035 (8).png,train,0.761596200980392,51292.0,cancer
000063 (3).png,train,0.7906403186274509,49375.0,cancer
000085 (4).png,train,0.7076593137254902,47463.5,cancer
000046 (5).png,train,1.0004901960784314,49537.5,cancer
000099 (7).png,train,0.9566942401960784,50156.5,cancer
ad8.png,train,2.1213848039215684,50203.0,cancer
000013 (8).png,train,1.0181985294117648,48388.5,cancer
000035 (4).png,train,0.545343137254902,47671.0,cancer
000021 (6).png,train,0.9549785539215686,52035.0,cancer
ad9.png,train,1.7248621323529414,50811.5,cancer
000102 (3).png,train,0.7391544117647059,50948.0,cancer
000026 (3).png,train,1.0374846813725491,47147.0,cancer
000102 (2).png,train,0.5399816176470589,45948.5,cancer
000035 (5).png,train,0.7868566176470588,46676.0,cancer
000052 (10).png,train,1.1399356617647058,55589.0,cancer
000055 (2).png,train,0.766390931372549,52115.0,cancer
000009 (3).png,train,0.8560968137254903,46666.5,cancer
000024 (10).png,train,1.0595894607843137,50300.5,cancer
000020 (6).png,train,0.9194852941176471,50061.0,cancer
000118 (4).png,train,1.0066482843137257,45326.0,cancer
000091 (7).png,train,0.7889859068627451,44871.0,cancer
000086 (3).png,train,0.7940257352941176,48437.0,cancer
000119 (10).png,train,0.9304074754901961,51405.0,cancer
000066 (10).png,train,0.6351102941176471,44929.0,cancer
000067 (10).png,train,1.0753216911764705,49915.5,cancer
000080 (6).png,train,1.1885723039215685,46131.5,cancer
000097 (2).png,train,0.6804074754901961,51902.0,cancer
000068 (9).png,train,0.7104779411764706,44793.5,cancer
000119 (5).png,train,0.8711703431372547,48688.5,cancer
16 - Copy.png,train,2.128890931372549,48759.0,normal
n8 - Copy.jpg,train,2.2037683823529415,31512.0,normal
21 - Copy.png,train,2.4166207107843136,49683.5,normal
7 - Copy - Copy.png,train,2.352389705882353,55233.0,normal
4 (2) - Copy.png,train,2.2559742647058822,51149.5,normal
3 - Copy (2).png,train,1.5272671568627452,39691.0,normal
5 - Copy.png,train,1.6761029411764705,39238.0,normal
2 - Copy (3).png,train,1.7014859068627448,24338.0,normal
3 (2) - Copy.png,train,1.4591911764705885,39690.0,normal
2 - Copy - Copy.png,train,1.7034773284313725,24353.0,normal
8 - Copy.png,train,3.223422181372549,58359.0,normal
4 - Copy (2).png,train,2.304656862745098,50308.5,normal
21 - Copy (2).png,train,2.4166207107843136,49683.5,normal
6 (2).png,train,2.205759803921568,31514.0,normal
5 - Copy (3).png,train,1.6761029411764705,39238.0,normal
7 - Copy (2) - Copy.png,train,2.352389705882353,55233.0,normal
20 - Copy (3).png,train,1.6555759803921566,55241.0,normal
n9.jpg,train,1.2980545343137253,44772.0,normal
20 - Copy (2).png,train,1.8693627450980392,45629.5,normal
5 - Copy (2).png,train,1.6761029411764705,39238.0,normal
6 - Copy - Copy.png,train,2.7607536764705887,26740.5,normal
4 - Copy (3).png,train,2.2559742647058822,51149.5,normal
7 (2).png,train,2.423529411764706,38607.0,normal
16 - Copy (2) - Copy.png,train,1.4144148284313727,61436.5,normal
n8.jpg,train,2.2037683823529415,31512.0,normal
2 (2) - Copy.png,train,2.433164828431373,32092.0,normal
2 - Copy (2).png,train,1.7034773284313725,24353.0,normal
8.png,train,2.986106004901961,58346.5,normal
5 - Copy (2) - Copy.png,train,1.6761029411764705,39238.0,normal
3 - Copy (3).png,train,1.4591911764705885,39690.0,normal
3 - Copy - Copy.png,train,1.5272671568627452,39691.0,normal
13 - Copy.png,train,2.6717677696078432,55146.5,normal
5 (2) - Copy.png,train,1.6761029411764705,39238.0,normal
20 (2) - Copy.png,train,1.6555759803921566,55241.0,normal
18 - Copy (2) - Copy.png,train,1.8454350490196079,56286.5,normal
5 - Copy - Copy.png,train,1.6761029411764705,39238.0,normal
7 - Copy.png,train,2.352389705882353,55233.0,normal
8 - Copy (2).png,train,3.223422181372549,58359.0,normal
16 (2).png,train,2.0528186274509803,48809.0,normal
7 (2) - Copy.png,train,2.423529411764706,38607.0,normal
n8 (2) - Copy.jpg,train,2.2037683823529415,31512.0,normal
5 (2).png,train,1.6761029411764705,39238.0,normal
3 - Copy (2) - Copy.png,train,1.5272671568627452,39691.0,normal
6 - Copy (3).png,train,2.205759803921568,31514.0,normal
n7 (2) - Copy.png,train,3.6966299019607844,65025.0,normal
17.png,train,2.6488511029411765,53875.5,normal
7 - Copy (2).png,train,2.352389705882353,55233.0,normal
20 (2).png,train,1.6555759803921566,55241.0,normal
8 (2) - Copy.png,train,3.029457720588235,41683.0,normal
10 - Copy (2) - Copy.png,train,1.8394607843137254,44880.5,normal
n6 (2).jpg,train,1.1581648284313726,35466.0,normal
19 - Copy - Copy.png,train,1.7979626225490195,60964.5,normal
16.png,train,1.8457414215686268,48759.0,normal
19 - Copy.png,train,1.7979626225490195,60964.5,normal
n7 - Copy.png,train,3.6966299019607844,65025.0,normal
20 - Copy (2) - Copy.png,train,1.8693627450980392,45629.5,normal
12.png,train,2.2572763480392157,51092.5,normal
4 - Copy - Copy.png,train,2.304656862745098,50308.5,normal
n7 (2).png,train,3.6966299019607844,65025.0,normal
7 - Copy (3).png,train,2.423529411764706,38607.0,normal
n6 (2) - Copy.jpg,train,1.1581648284313726,35466.0,normal
13.png,train,2.6262408088235296,55262.5,normal
6 - Copy (2).png,train,2.7607536764705887,26740.5,normal
6 (2) - Copy.png,train,2.205759803921568,31514.0,normal
2 - Copy.png,train,1.7034773284313725,24353.0,normal
11.png,train,1.7972732843137256,40490.5,normal
8 - Copy (3).png,train,2.986106004901961,58346.5,normal
n9 (2) - Copy.jpg,train,1.2980545343137253,44772.0,normal
17 (2).png,train,2.6437653186274503,53874.5,normal
18 - Copy - Copy.png,train,1.8388174019607844,56287.5,normal
10.png,train,1.7275122549019606,44858.5,normal
11 - Copy.png,train,1.824234068627451,55598.0,normal
4 (2).png,train,2.2559742647058822,51149.5,normal
12 - Copy (2) - Copy.png,train,2.396875,54378.5,normal
17 (2) - Copy.png,train,2.6437653186274503,53874.5,normal
12 (2).png,train,2.505193014705883,51128.0,normal
8 - Copy - Copy.png,train,3.223422181372549,58359.0,normal
18 - Copy (2).png,train,1.8454350490196079,56286.5,normal
19 - Copy (3).png,train,1.7765778186274512,60964.5,normal
11 - Copy (3).png,train,1.7972732843137256,40490.5,normal
6 - Copy (2) - Copy.png,train,2.7607536764705887,26740.5,normal
10 - Copy (2).png,train,1.8394607843137254,44880.5,normal
20.png,train,1.6555759803921566,55241.0,normal
11 - Copy - Copy.png,train,1.824234068627451,55598.0,normal
8 (2).png,train,3.029457720588235,41683.0,normal
12 - Copy.png,train,2.4367800245098037,51131.0,normal
10 (2) - Copy.png,train,1.7515931372549018,44850.5,normal
20 - Copy - Copy.png,train,1.867800245098039,45639.0,normal
16 - Copy (3).png,train,1.8457414215686268,48759.0,normal
18 (2) - Copy.png,train,2.3884497549019605,43524.5,normal
17 - Copy (2).png,train,2.7637101715686274,62562.0,normal
4 - Copy (2) - Copy.png,train,2.304656862745098,50308.5,normal
17 - Copy (3).png,train,2.6488511029411765,53875.5,normal
16 - Copy (2).png,train,1.4144148284313727,61436.5,normal
n9 - Copy.jpg,train,1.2980545343137253,44772.0,normal
19 (2) - Copy.png,train,1.8260876225490197,60964.5,normal
17 - Copy.png,train,2.909298406862746,53898.5,normal
20 - Copy.png,train,1.867800245098039,45639.0,normal
11 (2) - Copy.png,train,1.803982843137255,40490.5,normal
4 - Copy.png,train,2.304656862745098,50308.5,normal
10 - Copy - Copy.png,train,1.8329963235294118,44936.5,normal
13 (2).png,train,2.2050398284313726,63897.0,normal
18.png,train,1.8413909313725492,56287.5,normal
10 - Copy (3).png,train,1.7275122549019606,44858.5,normal
21 - Copy - Copy.png,train,2.4166207107843136,49683.5,normal
11 - Copy (2).png,train,1.878094362745098,55589.0,normal
19 - Copy (2).png,train,2.0322610294117647,64752.5,normal
17 - Copy (2) - Copy.png,train,2.7637101715686274,62562.0,normal
16 (2) - Copy.png,train,2.0528186274509803,48809.0,normal
19.png,train,1.7765778186274512,60964.5,normal
18 - Copy (3).png,train,1.8413909313725492,56287.5,normal
13 - Copy (2).png,train,2.215808823529412,48180.5,normal
n6.jpg,train,1.1581648284313726,35466.0,normal
18 (2).png,train,2.3884497549019605,43524.5,normal
11 - Copy (2) - Copy.png,train,1.878094362745098,55589.0,normal
4.png,train,2.2559742647058822,51149.5,normal
12 - Copy (3).png,train,2.2572763480392157,51092.5,normal
5.png,train,1.6761029411764705,39238.0,normal
n7.png,train,3.6966299019607844,65025.0,normal
13 - Copy - Copy.png,train,2.6717677696078432,55146.5,normal
2 (2).png,train,2.433164828431373,32092.0,normal
7.png,train,2.423529411764706,38607.0,normal
19 - Copy (2) - Copy.png,train,2.0322610294117647,64752.5,normal
11 (2).png,train,1.803982843137255,40490.5,normal
3 - Copy.png,train,1.5272671568627452,39691.0,normal
10 - Copy.png,train,1.8329963235294118,44936.5,normal
2 - Copy (2) - Copy.png,train,1.7034773284313725,24353.0,normal
6.png,train,2.205759803921568,31514.0,normal
16 - Copy - Copy.png,train,2.128890931372549,48759.0,normal
n8 (2).jpg,train,2.2037683823529415,31512.0,normal
13 (2) - Copy.png,train,2.2050398284313726,63897.0,normal
6 - Copy.png,train,2.7607536764705887,26740.5,normal
3 (2).png,train,1.4591911764705885,39690.0,normal
2.png,train,1.7014859068627448,24338.0,normal
8 - Copy (2) - Copy.png,train,3.223422181372549,58359.0,normal
10 (2).png,train,1.7515931372549018,44850.5,normal
12 (2) - Copy.png,train,2.505193014705883,51128.0,normal
13 - Copy (2) - Copy.png,train,2.215808823529412,48180.5,normal
3.png,train,1.4591911764705885,39690.0,normal
n9 (2).jpg,train,1.2980545343137253,44772.0,normal
12 - Copy - Copy.png,train,2.4367800245098037,51131.0,normal
19 (2).png,train,1.8260876225490197,60964.5,normal
21 - Copy (2) - Copy.png,train,2.4166207107843136,49683.5,normal
18 - Copy.png,train,1.8388174019607844,56287.5,normal
n6 - Copy.jpg,train,1.1581648284313726,35466.0,normal
12 - Copy (2).png,train,2.396875,54378.5,normal
17 - Copy - Copy.png,train,2.909298406862746,53898.5,normal
13 - Copy (3).png,train,2.6262408088235296,55262.5,normal
000032.png,train,1.0191176470588235,47330.0,cancer
000026.png,train,0.9780484068627452,51522.5,cancer
000027.png,train,0.7427083333333332,53428.5,cancer
000058 (3).png,train,0.5175551470588234,52425.5,cancer
000066 (2).png,train,1.0164522058823529,50053.5,cancer
l6.png,train,1.3388020833333334,30783.0,cancer
000093 (3).png,train,0.3036151960784314,48082.0,cancer
000098 (4).png,train,0.3147058823529411,47730.5,cancer
l4.png,train,1.7757199754901962,31769.5,cancer
000040 (2).png,train,0.36087622549019605,53909.5,cancer
000031.png,train,0.8557751225490197,48727.5,cancer
000033 (3).png,train,0.35994178921568626,48858.0,cancer
000150.png,train,0.9889552696078432,49332.0,cancer
l5.png,train,1.8891697303921569,48089.5,cancer
000041 (3).png,train,0.7502604166666667,55109.0,cancer
000020 (4).png,train,0.3841299019607844,50248.0,cancer
l1.png,train,1.4540594362745098,42111.0,cancer
000154.png,train,0.8994025735294118,50215.5,cancer
000023 (2).png,train,0.8017463235294118,50750.0,cancer
000021.png,train,1.1565410539215686,53074.0,cancer
000106 (2).png,train,0.8393688725490196,50151.0,cancer
000169.png,train,0.3469822303921569,46653.0,cancer
l2.png,train,1.125750612745098,48942.5,cancer
000143.png,train,0.7754289215686275,53954.5,cancer
000076 (3).png,train,0.4473651960784314,50978.5,cancer
000039 (4).png,train,0.2852634803921569,50689.0,cancer
000059 (3).png,train,0.3592524509803922,55284.0,cancer
l3.png,train,1.5907169117647058,32045.5,cancer
000016 (4).png,train,0.642233455882353,53459.0,cancer
000031 (2).png,train,0.7558670343137256,45845.5,cancer
000043 (2).png,train,0.3787990196078432,46903.5,cancer
000051.png,train,1.3224417892156866,52975.5,cancer
000045.png,train,1.1210784313725493,50220.0,cancer
000020 (3).png,train,0.4533547794117648,55488.5,cancer
000104 (2).png,train,1.0097120098039216,49888.5,cancer
di1.png,train,1.5667279411764703,42070.5,cancer
000016 (3).png,train,0.7175551470588235,56912.5,cancer
000046.png,train,1.0379442401960783,50283.5,cancer
000059 (4).png,train,0.3485294117647059,53272.5,cancer
000039 (3).png,train,0.2892922794117647,53678.0,cancer
000065 (2).png,train,0.35928308823529415,43732.0,cancer
000084.png,train,0.9567248774509804,46820.5,cancer
000076 (4).png,train,0.45791973039215683,53956.0,cancer
000133.png,train,1.1714920343137256,53220.0,cancer
000093 (4).png,train,0.2607230392156863,49694.0,cancer
000137.png,train,0.885952818627451,52824.0,cancer
000080.png,train,0.7847732843137255,51961.0,cancer
000057.png,train,0.8807751225490196,48979.0,cancer
000058 (4).png,train,0.5306678921568627,53314.0,cancer
000095.png,train,0.8090686274509803,48581.0,cancer
000081.png,train,0.9495710784313727,47904.5,cancer
000041 (4).png,train,0.6736519607843137,51543.0,cancer
000097.png,train,0.8416360294117646,44730.0,cancer
000068.png,train,0.9714460784313725,46249.5,cancer
000033 (4).png,train,0.35211397058823535,50664.0,cancer
000042 (2).png,train,0.9962775735294116,48910.5,cancer
000069.png,train,0.947748161764706,47936.0,cancer
000041.png,train,0.9409007352941177,48773.0,cancer
000055.png,train,0.8871629901960785,46630.0,cancer
000105 (2).png,train,0.9104626225490198,51632.0,cancer
000098 (3).png,train,0.31721813725490194,51793.5,cancer
000056 (3).png,train,0.6169577205882353,51627.5,cancer
000104.png,train,1.0480698529411763,43314.0,cancer
000009 (4).png,train,0.3272365196078431,53489.5,cancer
000019 (4).png,train,0.5055453431372549,55250.5,cancer
000105.png,train,0.9652113970588233,49027.5,cancer
000047 (2).png,train,0.4009344362745098,52989.5,cancer
000071 (2).png,train,0.8430300245098039,42568.0,cancer
000094 (3).png,train,0.28442095588235294,52080.0,cancer
000062 (4).png,train,0.2604166666666667,46104.0,cancer
000066.png,train,0.9077665441176472,51551.0,cancer
000106.png,train,0.9244485294117647,41064.5,cancer
000095 (2).png,train,1.1231004901960784,49155.5,cancer
000095 (3).png,train,0.6307598039215686,50443.5,cancer
000089.png,train,0.9928462009803921,48284.0,cancer
000062.png,train,1.135845588235294,48684.5,cancer
000003 (3).png,train,0.30785845588235283,52564.0,cancer
000077.png,train,1.0529718137254902,48985.0,cancer
000063.png,train,0.8859374999999999,46225.0,cancer
000094 (2).png,train,1.0143688725490196,45824.0,cancer
000084 (2).png,train,1.0248927696078434,53452.0,cancer
000057 (3).png,train,0.31416973039215695,53791.0,cancer
000055 (4).png,train,0.32391237745098045,53812.5,cancer
000034 (2).png,train,1.018734681372549,48955.0,cancer
000060.png,train,0.6987438725490196,50574.0,cancer
000024 (2).png,train,0.338235294117647,43895.0,cancer
000078 (3).png,train,0.7162377450980393,50179.0,cancer
000068 (3).png,train,0.5360600490196079,52427.5,cancer
000173.png,train,1.4214460784313727,53266.0,cancer
000003 (4).png,train,0.3079044117647059,51448.0,cancer
000062 (2).png,train,1.1443933823529413,54514.5,cancer
000072 (2).png,train,1.2796721813725491,49076.5,cancer
000172.png,train,1.2600337009803921,50362.0,cancer
000095 (4).png,train,0.5190104166666668,48889.0,cancer
000068 (4).png,train,0.5560968137254902,49597.0,cancer
000078 (4).png,train,0.6793811274509804,45819.0,cancer
000055 (3).png,train,0.32539828431372547,51090.0,cancer
000010.png,train,0.9701286764705883,47725.5,cancer
000159.png,train,0.9291513480392157,45991.0,cancer
000026 (2).png,train,0.9650428921568629,45751.5,cancer
000057 (4).png,train,0.31138174019607845,52441.0,cancer
000149.png,train,1.0294117647058822,48224.5,cancer
000015.png,train,0.7744332107843139,50753.5,cancer
000018 (2).png,train,0.7761642156862745,50049.5,cancer
000019 (3).png,train,0.47927389705882356,53573.5,cancer
000009 (3).png,train,0.349142156862745,50795.5,cancer
000056 (4).png,train,0.6485140931372549,53363.0,cancer
000027 (2).png,train,0.8055912990196079,53761.0,cancer
000073 (2).png,train,1.0218137254901962,50257.0,cancer
000002.png,train,0.7522365196078432,50641.5,cancer
000063 (2).png,train,1.0011795343137255,50418.5,cancer
000062 (3).png,train,0.32886029411764706,53465.5,cancer
000097 (2).png,train,0.7658088235294117,49010.5,cancer
000017.png,train,1.0970894607843138,46770.5,cancer
000094 (4).png,train,0.2758731617647059,47470.0,cancer
